,id,ast,blk,dreb,fg3_pct,fg3a,fg3m,fg_pct,fga,fgm,ft_pct,fta,ftm,game,min,oreb,pf,player,pts,reb,stl,team,turnover
0,12070093,2,1,3,0.33333334,12,4,0.5833333,24,14,1.0,3,3,"{'id': 857355, 'date': '2022-10-18T00:00:00.000Z', 'home_team_id': 2, 'home_team_score': 126, 'period': 4, 'postseason': False, 'season': 2022, 'status': 'Final', 'time': 'Final', 'visitor_team_id': 23, 'visitor_team_score': 117}",39,0,1,"{'id': 70, 'first_name': 'Jaylen', 'height_feet': 6, 'height_inches': 7, 'last_name': 'Brown', 'position': 'G', 'team_id': 2, 'weight_pounds': 220}",35,3,2,"{'id': 2, 'abbreviation': 'BOS', 'city': 'Boston', 'conference': 'East', 'division': 'Atlantic', 'full_name': 'Boston Celtics', 'name': 'Celtics'}",4
1,12070094,4,1,12,0.2857143,7,2,0.65,20,13,0.7777778,9,7,"{'id': 857355, 'date': '2022-10-18T00:00:00.000Z', 'home_team_id': 2, 'home_team_score': 126, 'period': 4, 'postseason': False, 'season': 2022, 'status': 'Final', 'time': 'Final', 'visitor_team_id': 23, 'visitor_team_score': 117}",39,0,1,"{'id': 434, 'first_name': 'Jayson', 'height_feet': 6, 'height_inches': 8, 'last_name': 'Tatum', 'position': 'F', 'team_id': 2, 'weight_pounds': 208}",35,12,1,"{'id': 2, 'abbreviation': 'BOS', 'city': 'Boston', 'conference': 'East', 'division': 'Atlantic', 'full_name': 'Boston Celtics', 'name': 'Celtics'}",3
2,12070095,1,0,4,0.4,5,2,0.2857143,7,2,0.0,0,0,"{'id': 857355, 'date': '2022-10-18T00:00:00.000Z', 'home_team_id': 2, 'home_team_score': 126, 'period': 4, 'postseason': False, 'season': 2022, 'status': 'Final', 'time': 'Final', 'visitor_team_id': 23, 'visitor_team_score': 117}",23,1,4,"{'id': 219, 'first_name': 'Al', 'height_feet': 6, 'height_inches': 10, 'last_name': 'Horford', 'position': 'C-F', 'team_id': 2, 'weight_pounds': 245}",6,5,0,"{'id': 2, 'abbreviation': 'BOS', 'city': 'Boston', 'conference': 'East', 'division': 'Atlantic', 'full_name': 'Boston Celtics', 'name': 'Celtics'}",0
3,12070096,4,0,2,0.0,1,0,0.33333334,3,1,0.0,1,0,"{'id': 857355, 'date': '2022-10-18T00:00:00.000Z', 'home_team_id': 2, 'home_team_score': 126, 'period': 4, 'postseason': False, 'season': 2022, 'status': 'Final', 'time': 'Final', 'visitor_team_id': 23, 'visitor_team_score': 117}",24,1,2,"{'id': 473, 'first_name': 'Derrick', 'height_feet': 6, 'height_inches': 4, 'last_name': 'White', 'position': 'G', 'team_id': 2, 'weight_pounds': 190}",2,3,1,"{'id': 2, 'abbreviation': 'BOS', 'city': 'Boston', 'conference': 'East', 'division': 'Atlantic', 'full_name': 'Boston Celtics', 'name': 'Celtics'}",1
4,12070097,7,0,2,0.25,4,1,0.375,8,3,0.875,8,7,"{'id': 857355, 'date': '2022-10-18T00:00:00.000Z', 'home_team_id': 2, 'home_team_score': 126, 'period': 4, 'postseason': False, 'season': 2022, 'status': 'Final', 'time': 'Final', 'visitor_team_id': 23, 'visitor_team_score': 117}",36,1,3,"{'id': 420, 'first_name': 'Marcus', 'height_feet': 6, 'height_inches': 4, 'last_name': 'Smart', 'position': 'G', 'team_id': 2, 'weight_pounds': 220}",14,3,1,"{'id': 2, 'abbreviation': 'BOS', 'city': 'Boston', 'conference': 'East', 'division': 'Atlantic', 'full_name': 'Boston Celtics', 'name': 'Celtics'}",1
5,12070098,0,1,2,0.0,0,0,0.5,2,1,0.0,0,0,"{'id': 857355, 'date': '2022-10-18T00:00:00.000Z', 'home_team_id': 2, 'home_team_score': 126, 'period': 4, 'postseason': False, 'season': 2022, 'status': 'Final', 'time': 'Final', 'visitor_team_id': 23, 'visitor_team_score': 117}",20,0,4,"{'id': 459, 'first_name': 'Noah', 'height_feet': 6, 'height_inches': 9, 'last_name': 'Vonleh', 'position': 'F', 'team_id': 2, 'weight_pounds': 250}",2,2,1,"{'id': 2, 'abbreviation': 'BOS', 'city': 'Boston', 'conference': 'East', 'division': 'Atlantic', 'full_name': 'Boston Celtics', 'name': 'Celtics'}",0
6,12070099,1,0,1,1.0,3,3,1.0,5,5,0.6666667,3,2,"{'id': 857355, 'date': '2022-10-18T00:00:00.000Z', 'home_team_id': 2, 'home_team_score': 126, 'period': 4, 'postseason': False, 'season': 2022, 'status': 'Final', 'time': 'Final', 'visitor_team_id': 23, 'visitor_team_score': 117}",24,0,3,"{'id': 666965, 'first_name': 'Grant', 'height_feet': None, 'height_inches': None, 'last_name': 'Williams', 'position': 'F', 'team_id': 2, 'weight_pounds': None}",15,1,0,"{'id': 2, 'abbreviation': 'BOS', 'city': 'Boston', 'conference': 'East', 'division': 'Atlantic', 'full_name': 'Boston Celtics', 'name': 'Celtics'}",0
7,12070100,4,0,1,0.0,2,0,0.6363636,11,7,1.0,2,2,"{'id': 857355, 'date': '2022-10-18T00:00:00.000Z', 'home_team_id': 2, 'home_team_score': 126, 'period': 4, 'postseason': False, 'season': 2022, 'status': 'Final', 'time': 'Final', 'visitor_team_id': 23, 'visitor_team_score': 117}",24,1,2,"{'id': 65, 'first_name': 'Malcolm', 'height_feet': 6, 'height_inches': 5, 'last_name': 'Brogdon', 'position': 'G', 'team_id': 2, 'weight_pounds': 229}",16,2,2,"{'id': 2, 'abbreviation': 'BOS', 'city': 'Boston', 'conference': 'East', 'division': 'Atlantic', 'full_name': 'Boston Celtics', 'name': 'Celtics'}",1
8,12070101,1,0,3,0.0,1,0,0.0,2,0,0.5,2,1,"{'id': 857355, 'date': '2022-10-18T00:00:00.000Z', 'home_team_id': 2, 'home_team_score': 126, 'period': 4, 'postseason': False, 'season': 2022, 'status': 'Final', 'time': 'Final', 'visitor_team_id': 23, 'visitor_team_score': 117}",08,2,3,"{'id': 189, 'first_name': 'Blake', 'height_feet': 6, 'height_inches': 10, 'last_name': 'Griffin', 'position': 'F', 'team_id': 2, 'weight_pounds': 250}",1,5,0,"{'id': 2, 'abbreviation': 'BOS', 'city': 'Boston', 'conference': 'East', 'division': 'Atlantic', 'full_name': 'Boston Celtics', 'name': 'Celtics'}",0
9,12070102,0,0,0,0.0,0,0,0.0,0,0,0.0,0,0,"{'id': 857355, 'date': '2022-10-18T00:00:00.000Z', 'home_team_id': 2, 'home_team_score': 126, 'period': 4, 'postseason': False, 'season': 2022, 'status': 'Final', 'time': 'Final', 'visitor_team_id': 23, 'visitor_team_score': 117}",03,0,1,"{'id': 17896060, 'first_name': 'Sam', 'height_feet': None, 'height_inches': None, 'last_name': 'Hauser', 'position': 'F', 'team_id': 2, 'weight_pounds': None}",0,0,0,"{'id': 2, 'abbreviation': 'BOS', 'city': 'Boston', 'conference': 'East', 'division': 'Atlantic', 'full_name': 'Boston Celtics', 'name': 'Celtics'}",0
10,12070103,0,0,0,0.0,0,0,0.0,0,0,0.0,0,0,"{'id': 857355, 'date': '2022-10-18T00:00:00.000Z', 'home_team_id': 2, 'home_team_score': 126, 'period': 4, 'postseason': False, 'season': 2022, 'status': 'Final', 'time': 'Final', 'visitor_team_id': 23, 'visitor_team_score': 117}",00,0,0,"{'id': 38017707, 'first_name': 'JD', 'height_feet': None, 'height_inches': None, 'last_name': 'Davison', 'position': 'G', 'team_id': 2, 'weight_pounds': None}",0,0,0,"{'id': 2, 'abbreviation': 'BOS', 'city': 'Boston', 'conference': 'East', 'division': 'Atlantic', 'full_name': 'Boston Celtics', 'name': 'Celtics'}",0
11,12070104,0,0,0,0.0,0,0,0.0,0,0,0.0,0,0,"{'id': 857355, 'date': '2022-10-18T00:00:00.000Z', 'home_team_id': 2, 'home_team_score': 126, 'period': 4, 'postseason': False, 'season': 2022, 'status': 'Final', 'time': 'Final', 'visitor_team_id': 23, 'visitor_team_score': 117}",00,0,0,"{'id': 235, 'first_name': 'Justin', 'height_feet': 6, 'height_inches': 8, 'last_name': 'Jackson', 'position': 'F', 'team_id': 2, 'weight_pounds': 210}",0,0,0,"{'id': 2, 'abbreviation': 'BOS', 'city': 'Boston', 'conference': 'East', 'division': 'Atlantic', 'full_name': 'Boston Celtics', 'name': 'Celtics'}",0
12,12070105,0,0,0,0.0,0,0,0.0,0,0,0.0,0,0,"{'id': 857355, 'date': '2022-10-18T00:00:00.000Z', 'home_team_id': 2, 'home_team_score': 126, 'period': 4, 'postseason': False, 'season': 2022, 'status': 'Final', 'time': 'Final', 'visitor_team_id': 23, 'visitor_team_score': 117}",00,0,0,"{'id': 666692, 'first_name': 'Mfiondu', 'height_feet': None, 'height_inches': None, 'last_name': 'Kabengele', 'position': 'F', 'team_id': 2, 'weight_pounds': None}",0,0,0,"{'id': 2, 'abbreviation': 'BOS', 'city': 'Boston', 'conference': 'East', 'division': 'Atlantic', 'full_name': 'Boston Celtics', 'name': 'Celtics'}",0
13,12070106,0,0,0,0.0,0,0,0.0,0,0,0.0,0,0,"{'id': 857355, 'date': '2022-10-18T00:00:00.000Z', 'home_team_id': 2, 'home_team_score': 126, 'period': 4, 'postseason': False, 'season': 2022, 'status': 'Final', 'time': 'Final', 'visitor_team_id': 23, 'visitor_team_score': 117}",00,0,0,"{'id': 261, 'first_name': 'Luke', 'height_feet': 7, 'height_inches': 1, 'last_name': 'Kornet', 'position': 'F-C', 'team_id': 2, 'weight_pounds': 250}",0,0,0,"{'id': 2, 'abbreviation': 'BOS', 'city': 'Boston', 'conference': 'East', 'division': 'Atlantic', 'full_name': 'Boston Celtics', 'name': 'Celtics'}",0
14,12070107,0,0,0,0.0,0,0,0.0,0,0,0.0,0,0,"{'id': 857355, 'date': '2022-10-18T00:00:00.000Z', 'home_team_id': 2, 'home_team_score': 126, 'period': 4, 'postseason': False, 'season': 2022, 'status': 'Final', 'time': 'Final', 'visitor_team_id': 23, 'visitor_team_score': 117}",00,0,0,"{'id': 3547276, 'first_name': 'Payton', 'height_feet': None, 'height_inches': None, 'last_name': 'Pritchard', 'position': 'G', 'team_id': 2, 'weight_pounds': None}",0,0,0,"{'id': 2, 'abbreviation': 'BOS', 'city': 'Boston', 'conference': 'East', 'division': 'Atlantic', 'full_name': 'Boston Celtics', 'name': 'Celtics'}",0
15,12070108,0,0,0,0.0,0,0,0.0,0,0,0.0,0,0,"{'id': 857355, 'date': '2022-10-18T00:00:00.000Z', 'home_team_id': 2, 'home_team_score': 126, 'period': 4, 'postseason': False, 'season': 2022, 'status': 'Final', 'time': 'Final', 'visitor_team_id': 23, 'visitor_team_score': 117}",00,0,0,"{'id': 167, 'first_name': 'Danilo', 'height_feet': 6, 'height_inches': 10, 'last_name': 'Gallinari', 'position': 'F', 'team_id': 2, 'weight_pounds': 225}",0,0,0,"{'id': 2, 'abbreviation': 'BOS', 'city': 'Boston', 'conference': 'East', 'division': 'Atlantic', 'full_name': 'Boston Celtics', 'name': 'Celtics'}",0
16,12070109,0,0,0,0.0,0,0,0.0,0,0,0.0,0,0,"{'id': 857355, 'date': '2022-10-18T00:00:00.000Z', 'home_team_id': 2, 'home_team_score': 126, 'period': 4, 'postseason': False, 'season': 2022, 'status': 'Final', 'time': 'Final', 'visitor_team_id': 23, 'visitor_team_score': 117}",00,0,0,"{'id': 476, 'first_name': 'Robert', 'height_feet': 6, 'height_inches': 10, 'last_name': 'Williams III', 'position': 'C-F', 'team_id': 2, 'weight_pounds': 240}",0,0,0,"{'id': 2, 'abbreviation': 'BOS', 'city': 'Boston', 'conference': 'East', 'division': 'Atlantic', 'full_name': 'Boston Celtics', 'name': 'Celtics'}",0
17,12070110,0,0,1,0.5,6,3,0.5,14,7,0.5,2,1,"{'id': 857355, 'date': '2022-10-18T00:00:00.000Z', 'home_team_id': 2, 'home_team_score': 126, 'period': 4, 'postseason': False, 'season': 2022, 'status': 'Final', 'time': 'Final', 'visitor_team_id': 23, 'visitor_team_score': 117}",34,1,3,"{'id': 200, 'first_name': 'Tobias', 'height_feet': 6, 'height_inches': 9, 'last_name': 'Harris', 'position': 'F', 'team_id': 23, 'weight_pounds': 235}",18,2,3,"{'id': 23, 'abbreviation': 'PHI', 'city': 'Philadelphia', 'conference': 'East', 'division': 'Atlantic', 'full_name': 'Philadelphia 76ers', 'name': '76ers'}",0
18,12070111,0,1,2,0.0,2,0,0.6,5,3,0.0,0,0,"{'id': 857355, 'date': '2022-10-18T00:00:00.000Z', 'home_team_id': 2, 'home_team_score': 126, 'period': 4, 'postseason': False, 'season': 2022, 'status': 'Final', 'time': 'Final', 'visitor_team_id': 23, 'visitor_team_score': 117}",33,2,2,"{'id': 450, 'first_name': 'PJ', 'height_feet': 6, 'height_inches': 6, 'last_name': 'Tucker', 'position': 'F', 'team_id': 23, 'weight_pounds': 245}",6,4,0,"{'id': 23, 'abbreviation': 'PHI', 'city': 'Philadelphia', 'conference': 'East', 'division': 'Atlantic', 'full_name': 'Philadelphia 76ers', 'name': '76ers'}",2
19,12070112,5,1,14,0.16666667,6,1,0.5,18,9,0.7777778,9,7,"{'id': 857355, 'date': '2022-10-18T00:00:00.000Z', 'home_team_id': 2, 'home_team_score': 126, 'period': 4, 'postseason': False, 'season': 2022, 'status': 'Final', 'time': 'Final', 'visitor_team_id': 23, 'visitor_team_score': 117}",37,1,4,"{'id': 145, 'first_name': 'Joel', 'height_feet': 7, 'height_inches': 0, 'last_name': 'Embiid', 'position': 'F-C', 'team_id': 23, 'weight_pounds': 250}",26,15,0,"{'id': 23, 'abbreviation': 'PHI', 'city': 'Philadelphia', 'conference': 'East', 'division': 'Atlantic', 'full_name': 'Philadelphia 76ers', 'name': '76ers'}",6
20,12070113,2,0,1,0.4,5,2,0.5,16,8,1.0,3,3,"{'id': 857355, 'date': '2022-10-18T00:00:00.000Z', 'home_team_id': 2, 'home_team_score': 126, 'period': 4, 'postseason': False, 'season': 2022, 'status': 'Final', 'time': 'Final', 'visitor_team_id': 23, 'visitor_team_score': 117}",38,0,5,"{'id': 3547254, 'first_name': 'Tyrese', 'height_feet': None, 'height_inches': None, 'last_name': 'Maxey', 'position': 'G', 'team_id': 23, 'weight_pounds': None}",21,1,2,"{'id': 23, 'abbreviation': 'PHI', 'city': 'Philadelphia', 'conference': 'East', 'division': 'Atlantic', 'full_name': 'Philadelphia 76ers', 'name': '76ers'}",1
21,12070114,7,0,8,0.5555556,9,5,0.64285713,14,9,1.0,12,12,"{'id': 857355, 'date': '2022-10-18T00:00:00.000Z', 'home_team_id': 2, 'home_team_score': 126, 'period': 4, 'postseason': False, 'season': 2022, 'status': 'Final', 'time': 'Final', 'visitor_team_id': 23, 'visitor_team_score': 117}",37,0,3,"{'id': 192, 'first_name': 'James', 'height_feet': 6, 'height_inches': 5, 'last_name': 'Harden', 'position': 'G', 'team_id': 23, 'weight_pounds': 220}",35,8,0,"{'id': 23, 'abbreviation': 'PHI', 'city': 'Philadelphia', 'conference': 'East', 'division': 'Atlantic', 'full_name': 'Philadelphia 76ers', 'name': '76ers'}",3
22,12070115,0,1,0,0.0,0,0,0.33333334,3,1,0.0,0,0,"{'id': 857355, 'date': '2022-10-18T00:00:00.000Z', 'home_team_id': 2, 'home_team_score': 126, 'period': 4, 'postseason': False, 'season': 2022, 'status': 'Final', 'time': 'Final', 'visitor_team_id': 23, 'visitor_team_score': 117}",11,0,3,"{'id': 194, 'first_name': 'Montrezl', 'height_feet': 6, 'height_inches': 8, 'last_name': 'Harrell', 'position': 'F-C', 'team_id': 23, 'weight_pounds': 240}",2,0,0,"{'id': 23, 'abbreviation': 'PHI', 'city': 'Philadelphia', 'conference': 'East', 'division': 'Atlantic', 'full_name': 'Philadelphia 76ers', 'name': '76ers'}",1
23,12070116,0,0,0,0.5,2,1,0.5,4,2,0.0,0,0,"{'id': 857355, 'date': '2022-10-18T00:00:00.000Z', 'home_team_id': 2, 'home_team_score': 126, 'period': 4, 'postseason': False, 'season': 2022, 'status': 'Final', 'time': 'Final', 'visitor_team_id': 23, 'visitor_team_score': 117}",21,0,2,"{'id': 313, 'first_name': ""De'Anthony"", 'height_feet': 6, 'height_inches': 4, 'last_name': 'Melton', 'position': 'G', 'team_id': 23, 'weight_pounds': 200}",5,0,1,"{'id': 23, 'abbreviation': 'PHI', 'city': 'Philadelphia', 'conference': 'East', 'division': 'Atlantic', 'full_name': 'Philadelphia 76ers', 'name': '76ers'}",0
24,12070117,1,0,1,0.0,1,0,0.0,2,0,0.5,2,1,"{'id': 857355, 'date': '2022-10-18T00:00:00.000Z', 'home_team_id': 2, 'home_team_score': 126, 'period': 4, 'postseason': False, 'season': 2022, 'status': 'Final', 'time': 'Final', 'visitor_team_id': 23, 'visitor_team_score': 117}",16,0,2,"{'id': 2175, 'first_name': 'Danuel', 'height_feet': 6, 'height_inches': 7, 'last_name': 'House Jr.', 'position': '', 'team_id': 23, 'weight_pounds': 220}",1,1,2,"{'id': 23, 'abbreviation': 'PHI', 'city': 'Philadelphia', 'conference': 'East', 'division': 'Atlantic', 'full_name': 'Philadelphia 76ers', 'name': '76ers'}",1
25,12070118,1,0,0,0.33333334,3,1,0.25,4,1,0.0,0,0,"{'id': 857355, 'date': '2022-10-18T00:00:00.000Z', 'home_team_id': 2, 'home_team_score': 126, 'period': 4, 'postseason': False, 'season': 2022, 'status': 'Final', 'time': 'Final', 'visitor_team_id': 23, 'visitor_team_score': 117}",12,0,1,"{'id': 344, 'first_name': 'Georges', 'height_feet': 6, 'height_inches': 8, 'last_name': 'Niang', 'position': 'F', 'team_id': 23, 'weight_pounds': 230}",3,0,0,"{'id': 23, 'abbreviation': 'PHI', 'city': 'Philadelphia', 'conference': 'East', 'division': 'Atlantic', 'full_name': 'Philadelphia 76ers', 'name': '76ers'}",0
26,12070119,0,0,0,0.0,0,0,0.0,0,0,0.0,0,0,"{'id': 857355, 'date': '2022-10-18T00:00:00.000Z', 'home_team_id': 2, 'home_team_score': 126, 'period': 4, 'postseason': False, 'season': 2022, 'status': 'Final', 'time': 'Final', 'visitor_team_id': 23, 'visitor_team_score': 117}",01,0,0,"{'id': 666923, 'first_name': 'Matisse', 'height_feet': None, 'height_inches': None, 'last_name': 'Thybulle', 'position': 'G-F', 'team_id': 23, 'weight_pounds': None}",0,0,0,"{'id': 23, 'abbreviation': 'PHI', 'city': 'Philadelphia', 'conference': 'East', 'division': 'Atlantic', 'full_name': 'Philadelphia 76ers', 'name': '76ers'}",0
27,12070120,0,0,0,0.0,0,0,0.0,0,0,0.0,0,0,"{'id': 857355, 'date': '2022-10-18T00:00:00.000Z', 'home_team_id': 2, 'home_team_score': 126, 'period': 4, 'postseason': False, 'season': 2022, 'status': 'Final', 'time': 'Final', 'visitor_team_id': 23, 'visitor_team_score': 117}",00,0,0,"{'id': 260, 'first_name': 'Furkan', 'height_feet': 6, 'height_inches': 7, 'last_name': 'Korkmaz', 'position': 'G-F', 'team_id': 23, 'weight_pounds': 190}",0,0,0,"{'id': 23, 'abbreviation': 'PHI', 'city': 'Philadelphia', 'conference': 'East', 'division': 'Atlantic', 'full_name': 'Philadelphia 76ers', 'name': '76ers'}",0
28,12070121,0,0,0,0.0,0,0,0.0,0,0,0.0,0,0,"{'id': 857355, 'date': '2022-10-18T00:00:00.000Z', 'home_team_id': 2, 'home_team_score': 126, 'period': 4, 'postseason': False, 'season': 2022, 'status': 'Final', 'time': 'Final', 'visitor_team_id': 23, 'visitor_team_score': 117}",00,0,0,"{'id': 320, 'first_name': 'Shake', 'height_feet': 6, 'height_inches': 6, 'last_name': 'Milton', 'position': 'G', 'team_id': 23, 'weight_pounds': 207}",0,0,0,"{'id': 23, 'abbreviation': 'PHI', 'city': 'Philadelphia', 'conference': 'East', 'division': 'Atlantic', 'full_name': 'Philadelphia 76ers', 'name': '76ers'}",0
29,12070122,0,0,0,0.0,0,0,0.0,0,0,0.0,0,0,"{'id': 857355, 'date': '2022-10-18T00:00:00.000Z', 'home_team_id': 2, 'home_team_score': 126, 'period': 4, 'postseason': False, 'season': 2022, 'status': 'Final', 'time': 'Final', 'visitor_team_id': 23, 'visitor_team_score': 117}",00,0,0,"{'id': 3547270, 'first_name': 'Paul', 'height_feet': None, 'height_inches': None, 'last_name': 'Reed', 'position': 'F', 'team_id': 23, 'weight_pounds': None}",0,0,0,"{'id': 23, 'abbreviation': 'PHI', 'city': 'Philadelphia', 'conference': 'East', 'division': 'Atlantic', 'full_name': 'Philadelphia 76ers', 'name': '76ers'}",0
30,12070123,0,0,0,0.0,0,0,0.0,0,0,0.0,0,0,"{'id': 857355, 'date': '2022-10-18T00:00:00.000Z', 'home_team_id': 2, 'home_team_score': 126, 'period': 4, 'postseason': False, 'season': 2022, 'status': 'Final', 'time': 'Final', 'visitor_team_id': 23, 'visitor_team_score': 117}",00,0,0,"{'id': 17896025, 'first_name': 'Jaden', 'height_feet': None, 'height_inches': None, 'last_name': 'Springer', 'position': 'G', 'team_id': 23, 'weight_pounds': None}",0,0,0,"{'id': 23, 'abbreviation': 'PHI', 'city': 'Philadelphia', 'conference': 'East', 'division': 'Atlantic', 'full_name': 'Philadelphia 76ers', 'name': '76ers'}",0
31,12070124,0,0,0,0.0,0,0,0.0,0,0,0.0,0,0,"{'id': 857355, 'date': '2022-10-18T00:00:00.000Z', 'home_team_id': 2, 'home_team_score': 126, 'period': 4, 'postseason': False, 'season': 2022, 'status': 'Final', 'time': 'Final', 'visitor_team_id': 23, 'visitor_team_score': 117}",00,0,0,"{'id': 38017649, 'first_name': 'Julian', 'height_feet': None, 'height_inches': None, 'last_name': 'Champagnie', 'position': 'F', 'team_id': 23, 'weight_pounds': None}",0,0,0,"{'id': 23, 'abbreviation': 'PHI', 'city': 'Philadelphia', 'conference': 'East', 'division': 'Atlantic', 'full_name': 'Philadelphia 76ers', 'name': '76ers'}",0
32,12070125,0,0,0,0.0,0,0,0.0,0,0,0.0,0,0,"{'id': 857355, 'date': '2022-10-18T00:00:00.000Z', 'home_team_id': 2, 'home_team_score': 126, 'period': 4, 'postseason': False, 'season': 2022, 'status': 'Final', 'time': 'Final', 'visitor_team_id': 23, 'visitor_team_score': 117}",00,0,0,"{'id': 38017678, 'first_name': 'Michael', 'height_feet': None, 'height_inches': None, 'last_name': 'Foster Jr.', 'position': 'F', 'team_id': 23, 'weight_pounds': None}",0,0,0,"{'id': 23, 'abbreviation': 'PHI', 'city': 'Philadelphia', 'conference': 'East', 'division': 'Atlantic', 'full_name': 'Philadelphia 76ers', 'name': '76ers'}",0
33,12070126,4,1,5,0.5714286,7,4,0.5714286,14,8,0.0,0,0,"{'id': 857356, 'date': '2022-10-18T00:00:00.000Z', 'home_team_id': 10, 'home_team_score': 123, 'period': 4, 'postseason': False, 'season': 2022, 'status': 'Final', 'time': 'Final', 'visitor_team_id': 14, 'visitor_team_score': 109}",29,1,5,"{'id': 475, 'first_name': 'Andrew', 'height_feet': 6, 'height_inches': 8, 'last_name': 'Wiggins', 'position': 'F-G', 'team_id': 10, 'weight_pounds': 194}",20,6,1,"{'id': 10, 'abbreviation': 'GSW', 'city': 'Golden State', 'conference': 'West', 'division': 'Pacific', 'full_name': 'Golden State Warriors', 'name': 'Warriors'}",1
34,12070127,5,0,5,0.0,0,0,0.4,5,2,0.0,0,0,"{'id': 857356, 'date': '2022-10-18T00:00:00.000Z', 'home_team_id': 10, 'home_team_score': 123, 'period': 4, 'postseason': False, 'season': 2022, 'status': 'Final', 'time': 'Final', 'visitor_team_id': 14, 'visitor_team_score': 109}",25,0,1,"{'id': 185, 'first_name': 'Draymond', 'height_feet': 6, 'height_inches': 7, 'last_name': 'Green', 'position': 'F', 'team_id': 10, 'weight_pounds': 230}",4,5,0,"{'id': 10, 'abbreviation': 'GSW', 'city': 'Golden State', 'conference': 'West', 'division': 'Pacific', 'full_name': 'Golden State Warriors', 'name': 'Warriors'}",1
35,12070128,2,0,4,0.0,0,0,0.75,4,3,1.0,1,1,"{'id': 857356, 'date': '2022-10-18T00:00:00.000Z', 'home_team_id': 10, 'home_team_score': 123, 'period': 4, 'postseason': False, 'season': 2022, 'status': 'Final', 'time': 'Final', 'visitor_team_id': 14, 'visitor_team_score': 109}",21,2,2,"{'id': 282, 'first_name': 'Kevon', 'height_feet': 6, 'height_inches': 9, 'last_name': 'Looney', 'position': 'F', 'team_id': 10, 'weight_pounds': 220}",7,6,1,"{'id': 10, 'abbreviation': 'GSW', 'city': 'Golden State', 'conference': 'West', 'division': 'Pacific', 'full_name': 'Golden State Warriors', 'name': 'Warriors'}",0
36,12070129,3,0,2,0.33333334,6,2,0.46153846,13,6,0.8,5,4,"{'id': 857356, 'date': '2022-10-18T00:00:00.000Z', 'home_team_id': 10, 'home_team_score': 123, 'period': 4, 'postseason': False, 'season': 2022, 'status': 'Final', 'time': 'Final', 'visitor_team_id': 14, 'visitor_team_score': 109}",20,0,3,"{'id': 443, 'first_name': 'Klay', 'height_feet': 6, 'height_inches': 7, 'last_name': 'Thompson', 'position': 'G', 'team_id': 10, 'weight_pounds': 215}",18,2,1,"{'id': 10, 'abbreviation': 'GSW', 'city': 'Golden State', 'conference': 'West', 'division': 'Pacific', 'full_name': 'Golden State Warriors', 'name': 'Warriors'}",2
37,12070130,7,1,5,0.30769232,13,4,0.45454547,22,10,1.0,9,9,"{'id': 857356, 'date': '2022-10-18T00:00:00.000Z', 'home_team_id': 10, 'home_team_score': 123, 'period': 4, 'postseason': False, 'season': 2022, 'status': 'Final', 'time': 'Final', 'visitor_team_id': 14, 'visitor_team_score': 109}",33,1,1,"{'id': 115, 'first_name': 'Stephen', 'height_feet': 6, 'height_inches': 3, 'last_name': 'Curry', 'position': 'G', 'team_id': 10, 'weight_pounds': 190}",33,6,4,"{'id': 10, 'abbreviation': 'GSW', 'city': 'Golden State', 'conference': 'West', 'division': 'Pacific', 'full_name': 'Golden State Warriors', 'name': 'Warriors'}",4
38,12070131,7,0,2,0.22222222,9,2,0.26666668,15,4,1.0,2,2,"{'id': 857356, 'date': '2022-10-18T00:00:00.000Z', 'home_team_id': 10, 'home_team_score': 123, 'period': 4, 'postseason': False, 'season': 2022, 'status': 'Final', 'time': 'Final', 'visitor_team_id': 14, 'visitor_team_score': 109}",28,0,2,"{'id': 666848, 'first_name': 'Jordan', 'height_feet': None, 'height_inches': None, 'last_name': 'Poole', 'position': 'G', 'team_id': 10, 'weight_pounds': None}",12,2,2,"{'id': 10, 'abbreviation': 'GSW', 'city': 'Golden State', 'conference': 'West', 'division': 'Pacific', 'full_name': 'Golden State Warriors', 'name': 'Warriors'}",4
39,12070132,0,0,2,0.6666667,3,2,0.5,6,3,0.0,0,0,"{'id': 857356, 'date': '2022-10-18T00:00:00.000Z', 'home_team_id': 10, 'home_team_score': 123, 'period': 4, 'postseason': False, 'season': 2022, 'status': 'Final', 'time': 'Final', 'visitor_team_id': 14, 'visitor_team_score': 109}",23,5,1,"{'id': 187, 'first_name': 'JaMychal', 'height_feet': 6, 'height_inches': 9, 'last_name': 'Green', 'position': 'F', 'team_id': 10, 'weight_pounds': 227}",8,7,1,"{'id': 10, 'abbreviation': 'GSW', 'city': 'Golden State', 'conference': 'West', 'division': 'Pacific', 'full_name': 'Golden State Warriors', 'name': 'Warriors'}",0
40,12070133,0,1,6,0.0,0,0,0.6666667,6,4,0.0,4,0,"{'id': 857356, 'date': '2022-10-18T00:00:00.000Z', 'home_team_id': 10, 'home_team_score': 123, 'period': 4, 'postseason': False, 'season': 2022, 'status': 'Final', 'time': 'Final', 'visitor_team_id': 14, 'visitor_team_score': 109}",16,1,2,"{'id': 3547240, 'first_name': 'James', 'height_feet': None, 'height_inches': None, 'last_name': 'Wiseman', 'position': 'C', 'team_id': 10, 'weight_pounds': None}",8,7,0,"{'id': 10, 'abbreviation': 'GSW', 'city': 'Golden State', 'conference': 'West', 'division': 'Pacific', 'full_name': 'Golden State Warriors', 'name': 'Warriors'}",0
41,12070134,0,0,2,0.0,2,0,0.0,3,0,0.0,0,0,"{'id': 857356, 'date': '2022-10-18T00:00:00.000Z', 'home_team_id': 10, 'home_team_score': 123, 'period': 4, 'postseason': False, 'season': 2022, 'status': 'Final', 'time': 'Final', 'visitor_team_id': 14, 'visitor_team_score': 109}",13,1,2,"{'id': 17553979, 'first_name': 'Jonathan', 'height_feet': None, 'height_inches': None, 'last_name': 'Kuminga', 'position': 'F', 'team_id': 10, 'weight_pounds': None}",0,3,0,"{'id': 10, 'abbreviation': 'GSW', 'city': 'Golden State', 'conference': 'West', 'division': 'Pacific', 'full_name': 'Golden State Warriors', 'name': 'Warriors'}",2
42,12070135,2,0,2,0.5,2,1,0.5,6,3,0.5,2,1,"{'id': 857356, 'date': '2022-10-18T00:00:00.000Z', 'home_team_id': 10, 'home_team_score': 123, 'period': 4, 'postseason': False, 'season': 2022, 'status': 'Final', 'time': 'Final', 'visitor_team_id': 14, 'visitor_team_score': 109}",22,0,2,"{'id': 131, 'first_name': 'Donte', 'height_feet': 6, 'height_inches': 4, 'last_name': 'DiVincenzo', 'position': 'G', 'team_id': 10, 'weight_pounds': 203}",8,2,1,"{'id': 10, 'abbreviation': 'GSW', 'city': 'Golden State', 'conference': 'West', 'division': 'Pacific', 'full_name': 'Golden State Warriors', 'name': 'Warriors'}",4
43,12070136,0,0,1,0.33333334,3,1,0.5,4,2,0.0,0,0,"{'id': 857356, 'date': '2022-10-18T00:00:00.000Z', 'home_team_id': 10, 'home_team_score': 123, 'period': 4, 'postseason': False, 'season': 2022, 'status': 'Final', 'time': 'Final', 'visitor_team_id': 14, 'visitor_team_score': 109}",08,0,0,"{'id': 17553992, 'first_name': 'Moses', 'height_feet': None, 'height_inches': None, 'last_name': 'Moody', 'position': 'G', 'team_id': 10, 'weight_pounds': None}",5,1,0,"{'id': 10, 'abbreviation': 'GSW', 'city': 'Golden State', 'conference': 'West', 'division': 'Pacific', 'full_name': 'Golden State Warriors', 'name': 'Warriors'}",0
44,12070137,1,0,1,0.0,0,0,0.0,1,0,0.0,0,0,"{'id': 857356, 'date': '2022-10-18T00:00:00.000Z', 'home_team_id': 10, 'home_team_score': 123, 'period': 4, 'postseason': False, 'season': 2022, 'status': 'Final', 'time': 'Final', 'visitor_team_id': 14, 'visitor_team_score': 109}",02,0,2,"{'id': 38017712, 'first_name': 'Ryan', 'height_feet': None, 'height_inches': None, 'last_name': 'Rollins', 'position': 'G', 'team_id': 10, 'weight_pounds': None}",0,1,0,"{'id': 10, 'abbreviation': 'GSW', 'city': 'Golden State', 'conference': 'West', 'division': 'Pacific', 'full_name': 'Golden State Warriors', 'name': 'Warriors'}",0
45,12070138,0,0,0,0.0,0,0,0.0,0,0,0.0,0,0,"{'id': 857356, 'date': '2022-10-18T00:00:00.000Z', 'home_team_id': 10, 'home_team_score': 123, 'period': 4, 'postseason': False, 'season': 2022, 'status': 'Final', 'time': 'Final', 'visitor_team_id': 14, 'visitor_team_score': 109}",00,0,0,"{'id': 38017704, 'first_name': 'Patrick', 'height_feet': None, 'height_inches': None, 'last_name': 'Baldwin Jr.', 'position': 'F', 'team_id': 10, 'weight_pounds': None}",0,0,0,"{'id': 10, 'abbreviation': 'GSW', 'city': 'Golden State', 'conference': 'West', 'division': 'Pacific', 'full_name': 'Golden State Warriors', 'name': 'Warriors'}",0
46,12070139,0,0,0,0.0,0,0,0.0,0,0,0.0,0,0,"{'id': 857356, 'date': '2022-10-18T00:00:00.000Z', 'home_team_id': 10, 'home_team_score': 123, 'period': 4, 'postseason': False, 'season': 2022, 'status': 'Final', 'time': 'Final', 'visitor_team_id': 14, 'visitor_team_score': 109}",00,0,0,"{'id': 224, 'first_name': 'Andre', 'height_feet': 6, 'height_inches': 6, 'last_name': 'Iguodala', 'position': 'G-F', 'team_id': 10, 'weight_pounds': 215}",0,0,0,"{'id': 10, 'abbreviation': 'GSW', 'city': 'Golden State', 'conference': 'West', 'division': 'Pacific', 'full_name': 'Golden State Warriors', 'name': 'Warriors'}",0
47,12070140,0,0,0,0.0,0,0,0.0,0,0,0.0,0,0,"{'id': 857356, 'date': '2022-10-18T00:00:00.000Z', 'home_team_id': 10, 'home_team_score': 123, 'period': 4, 'postseason': False, 'season': 2022, 'status': 'Final', 'time': 'Final', 'visitor_team_id': 14, 'visitor_team_score': 109}",00,0,0,"{'id': 666676, 'first_name': 'Ty', 'height_feet': None, 'height_inches': None, 'last_name': 'Jerome', 'position': 'G', 'team_id': 10, 'weight_pounds': None}",0,0,0,"{'id': 10, 'abbreviation': 'GSW', 'city': 'Golden State', 'conference': 'West', 'division': 'Pacific', 'full_name': 'Golden State Warriors', 'name': 'Warriors'}",0
48,12070141,0,0,0,0.0,0,0,0.0,0,0,0.0,0,0,"{'id': 857356, 'date': '2022-10-18T00:00:00.000Z', 'home_team_id': 10, 'home_team_score': 123, 'period': 4, 'postseason': False, 'season': 2022, 'status': 'Final', 'time': 'Final', 'visitor_team_id': 14, 'visitor_team_score': 109}",00,0,0,"{'id': 7155648, 'first_name': 'Anthony', 'height_feet': None, 'height_inches': None, 'last_name': 'Lamb', 'position': 'F', 'team_id': 10, 'weight_pounds': None}",0,0,0,"{'id': 10, 'abbreviation': 'GSW', 'city': 'Golden State', 'conference': 'West', 'division': 'Pacific', 'full_name': 'Golden State Warriors', 'name': 'Warriors'}",0
49,12070142,5,1,2,0.0,3,0,0.2857143,7,2,0.5,2,1,"{'id': 857356, 'date': '2022-10-18T00:00:00.000Z', 'home_team_id': 10, 'home_team_score': 123, 'period': 4, 'postseason': False, 'season': 2022, 'status': 'Final', 'time': 'Final', 'visitor_team_id': 14, 'visitor_team_score': 109}",29,1,0,"{'id': 464, 'first_name': 'Lonnie', 'height_feet': 6, 'height_inches': 5, 'last_name': 'Walker IV', 'position': 'G', 'team_id': 14, 'weight_pounds': 205}",5,3,1,"{'id': 14, 'abbreviation': 'LAL', 'city': 'Los Angeles', 'conference': 'West', 'division': 'Pacific', 'full_name': 'Los Angeles Lakers', 'name': 'Lakers'}",2
50,12070143,8,0,10,0.3,10,3,0.48,25,12,1.0,4,4,"{'id': 857356, 'date': '2022-10-18T00:00:00.000Z', 'home_team_id': 10, 'home_team_score': 123, 'period': 4, 'postseason': False, 'season': 2022, 'status': 'Final', 'time': 'Final', 'visitor_team_id': 14, 'visitor_team_score': 109}",35,4,2,"{'id': 237, 'first_name': 'LeBron', 'height_feet': 6, 'height_inches': 8, 'last_name': 'James', 'position': 'F', 'team_id': 14, 'weight_pounds': 250}",31,14,0,"{'id': 14, 'abbreviation': 'LAL', 'city': 'Los Angeles', 'conference': 'West', 'division': 'Pacific', 'full_name': 'Los Angeles Lakers', 'name': 'Lakers'}",5
51,12070144,0,1,6,0.0,3,0,0.45454547,22,10,0.7777778,9,7,"{'id': 857356, 'date': '2022-10-18T00:00:00.000Z', 'home_team_id': 10, 'home_team_score': 123, 'period': 4, 'postseason': False, 'season': 2022, 'status': 'Final', 'time': 'Final', 'visitor_team_id': 14, 'visitor_team_score': 109}",35,0,2,"{'id': 117, 'first_name': 'Anthony', 'height_feet': 6, 'height_inches': 10, 'last_name': 'Davis', 'position': 'F-C', 'team_id': 14, 'weight_pounds': 253}",27,6,4,"{'id': 14, 'abbreviation': 'LAL', 'city': 'Los Angeles', 'conference': 'West', 'division': 'Pacific', 'full_name': 'Los Angeles Lakers', 'name': 'Lakers'}",3
52,12070145,3,0,10,0.33333334,3,1,0.5833333,12,7,0.8,5,4,"{'id': 857356, 'date': '2022-10-18T00:00:00.000Z', 'home_team_id': 10, 'home_team_score': 123, 'period': 4, 'postseason': False, 'season': 2022, 'status': 'Final', 'time': 'Final', 'visitor_team_id': 14, 'visitor_team_score': 109}",31,1,1,"{'id': 472, 'first_name': 'Russell', 'height_feet': 6, 'height_inches': 3, 'last_name': 'Westbrook', 'position': 'G', 'team_id': 14, 'weight_pounds': 200}",19,11,1,"{'id': 14, 'abbreviation': 'LAL', 'city': 'Los Angeles', 'conference': 'West', 'division': 'Pacific', 'full_name': 'Los Angeles Lakers', 'name': 'Lakers'}",4
53,12070146,2,2,1,0.2,5,1,0.2,5,1,0.0,0,0,"{'id': 857356, 'date': '2022-10-18T00:00:00.000Z', 'home_team_id': 10, 'home_team_score': 123, 'period': 4, 'postseason': False, 'season': 2022, 'status': 'Final', 'time': 'Final', 'visitor_team_id': 14, 'visitor_team_score': 109}",25,1,5,"{'id': 45, 'first_name': 'Patrick', 'height_feet': 6, 'height_inches': 1, 'last_name': 'Beverley', 'position': 'G', 'team_id': 14, 'weight_pounds': 185}",3,2,4,"{'id': 14, 'abbreviation': 'LAL', 'city': 'Los Angeles', 'conference': 'West', 'division': 'Pacific', 'full_name': 'Los Angeles Lakers', 'name': 'Lakers'}",1
54,12070147,1,0,0,0.0,2,0,0.33333334,3,1,1.0,1,1,"{'id': 857356, 'date': '2022-10-18T00:00:00.000Z', 'home_team_id': 10, 'home_team_score': 123, 'period': 4, 'postseason': False, 'season': 2022, 'status': 'Final', 'time': 'Final', 'visitor_team_id': 14, 'visitor_team_score': 109}",16,0,1,"{'id': 17553995, 'first_name': 'Austin', 'height_feet': None, 'height_inches': None, 'last_name': 'Reaves', 'position': 'G', 'team_id': 14, 'weight_pounds': None}",3,0,0,"{'id': 14, 'abbreviation': 'LAL', 'city': 'Los Angeles', 'conference': 'West', 'division': 'Pacific', 'full_name': 'Los Angeles Lakers', 'name': 'Lakers'}",0
55,12070148,2,0,3,0.5,6,3,0.5555556,9,5,0.0,0,0,"{'id': 857356, 'date': '2022-10-18T00:00:00.000Z', 'home_team_id': 10, 'home_team_score': 123, 'period': 4, 'postseason': False, 'season': 2022, 'status': 'Final', 'time': 'Final', 'visitor_team_id': 14, 'visitor_team_score': 109}",23,0,2,"{'id': 50927, 'first_name': 'Kendrick', 'height_feet': None, 'height_inches': None, 'last_name': 'Nunn', 'position': 'G', 'team_id': 14, 'weight_pounds': None}",13,3,1,"{'id': 14, 'abbreviation': 'LAL', 'city': 'Los Angeles', 'conference': 'West', 'division': 'Pacific', 'full_name': 'Los Angeles Lakers', 'name': 'Lakers'}",3
56,12070149,0,0,4,0.0,3,0,0.0,3,0,0.0,0,0,"{'id': 857356, 'date': '2022-10-18T00:00:00.000Z', 'home_team_id': 10, 'home_team_score': 123, 'period': 4, 'postseason': False, 'season': 2022, 'status': 'Final', 'time': 'Final', 'visitor_team_id': 14, 'visitor_team_score': 109}",14,0,1,"{'id': 666925, 'first_name': 'Juan', 'height_feet': None, 'height_inches': None, 'last_name': 'Toscano-Anderson', 'position': 'F', 'team_id': 14, 'weight_pounds': None}",0,4,0,"{'id': 14, 'abbreviation': 'LAL', 'city': 'Los Angeles', 'conference': 'West', 'division': 'Pacific', 'full_name': 'Los Angeles Lakers', 'name': 'Lakers'}",2
57,12070150,1,0,0,0.0,0,0,0.0,1,0,0.0,2,0,"{'id': 857356, 'date': '2022-10-18T00:00:00.000Z', 'home_team_id': 10, 'home_team_score': 123, 'period': 4, 'postseason': False, 'season': 2022, 'status': 'Final', 'time': 'Final', 'visitor_team_id': 14, 'visitor_team_score': 109}",08,1,2,"{'id': 166, 'first_name': 'Wenyen', 'height_feet': 6, 'height_inches': 9, 'last_name': 'Gabriel', 'position': 'F', 'team_id': 14, 'weight_pounds': 205}",0,1,0,"{'id': 14, 'abbreviation': 'LAL', 'city': 'Los Angeles', 'conference': 'West', 'division': 'Pacific', 'full_name': 'Los Angeles Lakers', 'name': 'Lakers'}",0
58,12070151,0,0,1,0.33333334,3,1,0.25,4,1,0.0,0,0,"{'id': 857356, 'date': '2022-10-18T00:00:00.000Z', 'home_team_id': 10, 'home_team_score': 123, 'period': 4, 'postseason': False, 'season': 2022, 'status': 'Final', 'time': 'Final', 'visitor_team_id': 14, 'visitor_team_score': 109}",18,0,2,"{'id': 17896017, 'first_name': 'Matt', 'height_feet': None, 'height_inches': None, 'last_name': 'Ryan', 'position': 'F', 'team_id': 18, 'weight_pounds': None}",3,1,1,"{'id': 14, 'abbreviation': 'LAL', 'city': 'Los Angeles', 'conference': 'West', 'division': 'Pacific', 'full_name': 'Los Angeles Lakers', 'name': 'Lakers'}",1
59,12070152,0,0,1,1.0,1,1,1.0,1,1,0.0,0,0,"{'id': 857356, 'date': '2022-10-18T00:00:00.000Z', 'home_team_id': 10, 'home_team_score': 123, 'period': 4, 'postseason': False, 'season': 2022, 'status': 'Final', 'time': 'Final', 'visitor_team_id': 14, 'visitor_team_score': 109}",02,0,0,"{'id': 38017697, 'first_name': 'Max', 'height_feet': None, 'height_inches': None, 'last_name': 'Christie', 'position': 'G', 'team_id': 14, 'weight_pounds': None}",3,1,0,"{'id': 14, 'abbreviation': 'LAL', 'city': 'Los Angeles', 'conference': 'West', 'division': 'Pacific', 'full_name': 'Los Angeles Lakers', 'name': 'Lakers'}",0
60,12070153,0,0,0,0.0,0,0,0.0,0,0,1.0,2,2,"{'id': 857356, 'date': '2022-10-18T00:00:00.000Z', 'home_team_id': 10, 'home_team_score': 123, 'period': 4, 'postseason': False, 'season': 2022, 'status': 'Final', 'time': 'Final', 'visitor_team_id': 14, 'visitor_team_score': 109}",02,0,0,"{'id': 38017656, 'first_name': 'Scotty', 'height_feet': None, 'height_inches': None, 'last_name': 'Pippen Jr.', 'position': 'G', 'team_id': 14, 'weight_pounds': None}",2,0,0,"{'id': 14, 'abbreviation': 'LAL', 'city': 'Los Angeles', 'conference': 'West', 'division': 'Pacific', 'full_name': 'Los Angeles Lakers', 'name': 'Lakers'}",0
61,12070154,1,0,1,0.0,1,0,0.0,1,0,0.0,0,0,"{'id': 857356, 'date': '2022-10-18T00:00:00.000Z', 'home_team_id': 10, 'home_team_score': 123, 'period': 4, 'postseason': False, 'season': 2022, 'status': 'Final', 'time': 'Final', 'visitor_team_id': 14, 'visitor_team_score': 109}",02,0,0,"{'id': 38017736, 'first_name': 'Cole', 'height_feet': None, 'height_inches': None, 'last_name': 'Swider', 'position': 'F', 'team_id': 14, 'weight_pounds': None}",0,1,0,"{'id': 14, 'abbreviation': 'LAL', 'city': 'Los Angeles', 'conference': 'West', 'division': 'Pacific', 'full_name': 'Los Angeles Lakers', 'name': 'Lakers'}",0
62,12070155,0,0,0,0.0,0,0,0.0,0,0,0.0,0,0,"{'id': 857356, 'date': '2022-10-18T00:00:00.000Z', 'home_team_id': 10, 'home_team_score': 123, 'period': 4, 'postseason': False, 'season': 2022, 'status': 'Final', 'time': 'Final', 'visitor_team_id': 14, 'visitor_team_score': 109}",00,0,0,"{'id': 248, 'first_name': 'Damian', 'height_feet': 7, 'height_inches': 0, 'last_name': 'Jones', 'position': 'C', 'team_id': 14, 'weight_pounds': 245}",0,0,0,"{'id': 14, 'abbreviation': 'LAL', 'city': 'Los Angeles', 'conference': 'West', 'division': 'Pacific', 'full_name': 'Los Angeles Lakers', 'name': 'Lakers'}",0
63,12070156,0,0,0,0.0,0,0,0.0,0,0,0.0,0,0,"{'id': 857356, 'date': '2022-10-18T00:00:00.000Z', 'home_team_id': 10, 'home_team_score': 123, 'period': 4, 'postseason': False, 'season': 2022, 'status': 'Final', 'time': 'Final', 'visitor_team_id': 14, 'visitor_team_score': 109}",00,0,0,"{'id': 68, 'first_name': 'Troy', 'height_feet': 6, 'height_inches': 7, 'last_name': 'Brown Jr.', 'position': 'F', 'team_id': 14, 'weight_pounds': 215}",0,0,0,"{'id': 14, 'abbreviation': 'LAL', 'city': 'Los Angeles', 'conference': 'West', 'division': 'Pacific', 'full_name': 'Los Angeles Lakers', 'name': 'Lakers'}",0
64,12070157,0,0,0,0.0,0,0,0.0,0,0,0.0,0,0,"{'id': 857356, 'date': '2022-10-18T00:00:00.000Z', 'home_team_id': 10, 'home_team_score': 123, 'period': 4, 'postseason': False, 'season': 2022, 'status': 'Final', 'time': 'Final', 'visitor_team_id': 14, 'visitor_team_score': 109}",00,0,0,"{'id': 74, 'first_name': 'Thomas', 'height_feet': 6, 'height_inches': 11, 'last_name': 'Bryant', 'position': 'C', 'team_id': 14, 'weight_pounds': 248}",0,0,0,"{'id': 14, 'abbreviation': 'LAL', 'city': 'Los Angeles', 'conference': 'West', 'division': 'Pacific', 'full_name': 'Los Angeles Lakers', 'name': 'Lakers'}",0
65,12070158,0,0,0,0.0,0,0,0.0,0,0,0.0,0,0,"{'id': 857356, 'date': '2022-10-18T00:00:00.000Z', 'home_team_id': 10, 'home_team_score': 123, 'period': 4, 'postseason': False, 'season': 2022, 'status': 'Final', 'time': 'Final', 'visitor_team_id': 14, 'visitor_team_score': 109}",00,0,0,"{'id': 409, 'first_name': 'Dennis', 'height_feet': 6, 'height_inches': 1, 'last_name': 'Schroder', 'position': 'G', 'team_id': 14, 'weight_pounds': 172}",0,0,0,"{'id': 14, 'abbreviation': 'LAL', 'city': 'Los Angeles', 'conference': 'West', 'division': 'Pacific', 'full_name': 'Los Angeles Lakers', 'name': 'Lakers'}",0
